x1,y1,z1,x2,y2,z2
-0.215,-9.520,54.442,-1.414,-9.694,54.349
2.053,-9.331,53.762,0.935,-9.537,53.649
1.318,-9.225,53.830,0.192,-9.426,53.755
-1.743,-9.071,54.449,-2.924,-9.262,54.402
-0.525,-9.145,54.701,-1.665,-9.354,54.629
-1.965,-9.162,55.543,-3.161,-9.296,55.567
-1.437,-9.160,55.962,-2.573,-9.352,55.855
-0.627,-8.907,54.230,-1.767,-9.096,54.133
1.251,-9.216,55.303,0.161,-9.404,55.247
1.064,-8.845,54.574,-0.053,-9.109,54.538
0.005,-8.563,53.651,-1.135,-8.799,53.550
0.851,-8.367,53.337,-0.310,-8.583,53.305
0.354,-8.349,52.665,-0.810,-8.595,52.634
1.189,-8.231,52.283,0.016,-8.482,52.241
0.012,-8.482,54.280,-1.165,-8.654,54.180
-2.258,-8.512,55.028,-3.453,-8.684,55.002
-2.240,-8.564,56.056,-3.449,-8.715,56.042
-0.406,-8.338,54.099,-1.588,-8.539,54.058
2.804,-8.221,53.040,1.685,-8.409,52.924
-2.288,-8.593,56.790,-3.467,-8.751,56.720
-1.748,-8.267,54.504,-2.917,-8.437,54.459
0.734,-8.255,54.301,-0.412,-8.416,54.247
0.059,-8.080,53.101,-1.162,-8.300,53.037
-0.329,-8.255,55.154,-1.446,-8.480,55.154
-0.677,-7.987,54.330,-1.801,-8.181,54.238
-1.761,-8.225,55.503,-2.940,-8.411,55.462
-1.703,-8.462,57.338,-2.864,-8.616,57.261
-0.439,-7.939,53.345,-1.590,-8.139,53.325
-1.243,-7.969,54.250,-2.413,-8.166,54.211
0.440,-7.822,52.877,-0.733,-8.029,52.873
-0.916,-8.117,56.096,-2.010,-8.376,55.994
-1.692,-8.088,56.616,-2.801,-8.247,56.658
0.204,-8.103,56.639,-0.891,-8.226,56.601
3.748,-7.876,54.476,2.687,-8.078,54.365
-1.640,-7.539,55.035,-2.796,-7.607,54.906
-1.132,-7.878,56.348,-2.293,-8.038,56.322
1.581,-7.811,54.974,0.532,-8.050,54.736
4.947,-7.790,54.297,3.861,-8.003,54.182
5.280,-7.956,55.338,4.201,-8.178,55.225
4.410,-7.643,54.191,3.322,-7.833,54.069
5.778,-7.976,56.031,4.674,-8.171,55.981
-0.051,-7.491,53.172,-1.245,-7.700,53.207
4.591,-7.876,55.425,3.490,-8.101,55.260
1.033,-8.088,57.814,-0.150,-8.265,57.681
0.507,-7.910,57.264,-0.671,-8.115,57.241
-2.819,-7.472,56.784,-3.980,-7.614,56.799
-2.473,-7.731,57.222,-3.645,-7.914,57.394
-0.931,-7.952,58.638,-2.069,-8.135,58.566
-2.049,-7.672,56.483,-3.192,-7.808,56.383
1.720,-7.178,52.623,0.582,-7.300,52.623
5.322,-7.406,53.638,4.208,-7.553,53.537
0.393,-7.135,53.806,-0.755,-7.299,53.757
-0.747,-7.190,55.671,-1.881,-7.377,55.615
3.923,-7.288,53.958,2.859,-7.495,53.815
2.631,-7.525,56.534,1.565,-7.718,56.424
4.356,-7.063,53.240,3.291,-7.273,53.124
1.022,-7.164,54.393,-0.172,-7.312,54.338
-1.460,-7.583,58.707,-2.589,-7.772,58.680
-2.113,-7.334,58.649,-3.263,-7.544,58.581
5.776,-7.117,55.271,4.660,-7.304,55.235
3.150,-6.607,52.587,2.017,-6.799,52.532
-1.813,-7.093,58.114,-2.967,-7.288,58.050
-2.216,-6.784,56.974,-3.361,-6.935,56.962
-1.225,-6.938,59.332,-2.340,-7.143,59.257
3.820,-7.253,57.913,2.814,-7.480,57.824
4.096,-7.007,55.962,3.032,-7.190,55.782
5.392,-6.666,52.933,4.284,-6.799,52.813
-2.670,-6.948,57.951,-3.836,-7.135,57.927
0.941,-6.677,54.769,-0.182,-6.906,54.670
-1.413,-6.754,56.121,-2.565,-6.940,56.037
-0.124,-7.119,59.608,-1.225,-7.381,59.560
-1.981,-6.747,56.211,-3.142,-6.950,56.173
-1.248,-6.629,55.459,-2.400,-6.874,55.398
5.620,-6.853,57.281,4.554,-7.054,57.168
-3.173,-6.804,59.095,-4.354,-6.949,59.218
1.314,-6.758,57.544,0.219,-6.989,57.463
3.992,-6.305,52.895,2.945,-6.527,52.752
-2.295,-6.679,58.296,-3.465,-6.905,58.157
4.167,-6.575,56.529,3.106,-6.784,56.443
-2.900,-6.612,58.751,-4.053,-6.815,58.686
0.489,-6.375,55.241,-0.672,-6.589,55.128
4.616,-6.660,56.725,3.611,-6.940,56.478
7.185,-6.492,55.235,6.086,-6.636,55.050
4.704,-6.249,55.765,3.656,-6.464,55.746
3.162,-6.001,52.592,2.047,-6.278,52.562
-1.565,-6.206,55.571,-2.678,-6.483,55.449
3.864,-6.425,57.593,2.765,-6.668,57.484
5.689,-5.875,54.164,4.589,-6.010,54.087
5.177,-5.948,53.569,4.072,-6.088,53.453
5.913,-6.000,54.926,4.846,-6.176,54.813
1.838,-6.178,56.041,0.737,-6.422,56.066
-2.491,-6.243,58.513,-3.678,-6.386,58.446
4.935,-5.955,55.344,3.929,-6.201,55.156
-2.220,-5.988,57.948,-3.337,-6.211,57.841
-1.488,-5.985,59.832,-2.626,-6.222,59.723
-2.748,-6.102,60.432,-3.924,-6.302,60.382
-1.044,-5.809,57.045,-2.162,-6.069,56.932
5.873,-5.753,55.235,4.780,-5.930,55.115
1.723,-5.559,54.251,0.600,-5.784,54.202
1.030,-5.606,55.176,-0.103,-5.811,55.083
-2.106,-6.140,61.410,-3.282,-6.325,61.232
-2.808,-5.876,60.069,-3.976,-6.088,60.001
6.155,-5.417,53.222,5.055,-5.621,53.132
0.900,-5.811,59.124,-0.184,-6.011,59.058
-3.563,-5.719,59.120,-4.772,-5.886,59.054
1.015,-5.896,60.455,-0.075,-6.125,60.390
0.804,-5.425,55.555,-0.325,-5.665,55.493
5.452,-5.385,54.318,4.367,-5.539,54.219
1.305,-5.377,56.047,0.221,-5.580,55.952
4.637,-5.355,55.003,3.532,-5.511,54.896
5.712,-5.296,53.895,4.594,-5.418,53.783
6.349,-5.612,57.295,5.304,-5.813,57.229
-1.704,-5.423,57.722,-2.829,-5.606,57.579
3.081,-5.158,53.484,1.956,-5.377,53.405
4.692,-5.480,58.594,3.659,-5.779,58.479
-1.308,-5.503,60.267,-2.452,-5.759,60.254
-2.734,-5.357,58.481,-3.879,-5.583,58.279
6.558,-5.257,57.270,5.515,-5.473,57.266
5.662,-5.277,55.727,4.579,-5.508,55.619
5.087,-5.046,53.146,3.939,-5.180,53.064
0.452,-5.098,54.992,-0.759,-5.350,54.992
-2.972,-5.484,60.951,-4.068,-5.738,60.806
0.479,-4.989,56.033,-0.612,-5.172,55.929
5.123,-5.077,55.920,4.055,-5.261,55.743
2.635,-5.328,58.754,1.546,-5.578,58.657
3.238,-5.144,57.012,2.188,-5.429,56.944
6.527,-5.090,55.293,5.414,-5.182,55.149
4.963,-5.253,58.207,3.848,-5.458,58.173
-1.558,-5.448,62.249,-2.698,-5.673,62.167
0.422,-4.909,57.167,-0.664,-5.109,57.038
4.309,-4.926,56.594,3.243,-5.189,56.494
-1.992,-5.100,60.042,-3.082,-5.338,59.907
-2.139,-4.883,58.081,-3.248,-5.130,57.952
4.039,-5.051,57.541,2.924,-5.320,57.502
1.467,-5.277,61.893,0.391,-5.517,61.801
-1.180,-5.066,62.981,-2.324,-5.298,62.979
-2.113,-5.052,60.575,-3.225,-5.256,60.489
-2.378,-4.632,60.021,-3.492,-4.857,59.940
-0.185,-5.097,60.074,-1.210,-5.396,59.867
2.745,-5.223,60.698,1.709,-5.465,60.712
3.272,-4.665,57.979,2.191,-4.877,57.845
2.639,-4.729,56.441,1.566,-4.988,56.354
3.515,-4.563,54.025,2.383,-4.800,54.020
4.607,-4.645,54.972,3.564,-4.859,54.862
-0.612,-4.858,59.185,-1.710,-5.069,59.114
-3.566,-4.840,60.921,-4.663,-5.020,60.790
0.004,-4.606,57.080,-1.095,-4.866,56.944
0.355,-4.523,56.355,-0.803,-4.752,56.229
5.971,-4.542,56.085,4.869,-4.756,55.968
0.612,-4.701,61.101,-0.473,-4.920,61.058
-0.796,-4.436,57.407,-1.885,-4.622,57.285
7.444,-4.453,56.191,6.392,-4.686,56.061
-1.455,-4.560,59.741,-2.554,-4.825,59.656
1.795,-4.373,56.621,0.754,-4.565,56.452
-1.871,-4.450,59.475,-2.977,-4.706,59.389
0.781,-4.696,62.278,-0.391,-4.944,62.320
6.630,-4.450,57.994,5.584,-4.706,57.918
0.667,-4.737,63.817,-0.444,-4.964,63.797
3.902,-4.503,60.290,2.877,-4.795,60.194
3.946,-4.043,54.435,2.943,-4.288,54.429
4.070,-4.238,59.065,3.054,-4.529,58.880
3.319,-4.186,57.089,2.226,-4.444,56.961
2.888,-4.218,57.551,1.903,-4.487,57.351
-3.523,-4.360,62.060,-4.616,-4.580,62.021
6.090,-4.146,57.234,4.990,-4.411,57.170
7.039,-3.937,55.760,6.005,-4.105,55.659
6.334,-3.956,54.713,5.287,-4.162,54.549
5.213,-4.184,58.025,4.161,-4.503,58.038
4.049,-3.885,55.869,2.944,-4.172,55.725
0.289,-4.487,64.345,-0.807,-4.696,64.292
2.956,-4.405,63.144,1.962,-4.632,63.056
6.538,-4.031,57.168,5.516,-4.241,57.037
-1.499,-4.244,63.666,-2.609,-4.436,63.638
-1.930,-4.265,63.067,-3.039,-4.452,63.011
2.086,-4.319,65.829,0.950,-4.603,65.621
3.255,-4.050,61.286,2.241,-4.332,61.161
-0.301,-3.887,59.633,-1.360,-4.170,59.497
4.641,-3.749,57.089,3.594,-4.039,57.001
5.014,-3.792,58.082,3.980,-4.089,57.943
0.356,-3.766,58.482,-0.717,-4.032,58.391
-3.191,-3.798,61.239,-4.322,-3.979,61.221
-1.760,-3.868,61.746,-2.872,-4.065,61.653
6.071,-3.581,56.643,5.080,-3.813,56.491
3.971,-3.682,59.113,2.992,-3.916,59.104
-3.566,-3.810,62.895,-4.671,-3.931,62.789
2.135,-3.447,56.565,1.078,-3.640,56.396
-1.901,-3.779,63.785,-3.037,-3.946,63.789
-2.497,-3.576,61.841,-3.630,-3.745,61.823
2.912,-3.759,63.196,1.828,-4.016,63.238
-0.801,-3.712,63.026,-1.934,-3.882,62.963
5.848,-3.533,59.024,4.818,-3.847,58.964
4.357,-3.622,61.651,3.310,-3.913,61.530
-1.522,-3.500,63.324,-2.579,-3.696,63.271
0.310,-3.358,60.939,-0.719,-3.745,60.839
6.448,-3.466,62.096,5.372,-3.683,61.855
3.949,-3.312,60.873,2.881,-3.537,60.780
-3.814,-3.474,64.914,-4.955,-3.625,64.879
0.167,-3.315,62.680,-0.907,-3.583,62.647
2.824,-3.322,62.238,1.735,-3.535,62.137
-0.058,-3.111,58.887,-1.053,-3.428,58.791
-3.705,-3.298,64.320,-4.827,-3.441,64.249
4.548,-3.174,59.991,3.577,-3.449,59.911
5.461,-3.125,58.738,4.472,-3.472,58.715
5.201,-2.954,58.020,4.144,-3.275,57.944
4.694,-2.807,56.800,3.643,-3.127,56.801
7.457,-2.940,55.247,6.397,-3.160,55.187
-1.877,-3.097,60.786,-2.979,-3.413,60.789
7.964,-3.051,58.344,6.958,-3.277,58.241
-0.867,-3.289,65.817,-2.043,-3.475,65.850
4.432,-3.234,62.806,3.322,-3.455,62.748
7.493,-3.065,58.975,6.519,-3.303,58.810
6.876,-3.069,59.708,5.856,-3.307,59.613
3.432,-3.085,61.898,2.419,-3.352,61.834
1.419,-2.747,57.720,0.406,-3.033,57.613
0.081,-2.973,60.828,-0.980,-3.316,60.782
3.597,-2.911,58.633,2.590,-3.220,58.527
2.859,-2.636,57.454,1.811,-2.956,57.371
-2.688,-3.121,65.694,-3.829,-3.320,65.753
-0.988,-3.089,64.515,-2.107,-3.257,64.541
7.949,-2.798,57.526,6.907,-3.044,57.406
9.726,-2.753,56.897,8.693,-2.983,56.920
-0.109,-2.944,63.136,-1.164,-3.193,63.136
2.624,-2.789,58.932,1.579,-3.110,58.848
5.491,-2.914,60.989,4.475,-3.164,60.895
6.857,-2.745,58.759,5.830,-2.961,58.645
6.394,-2.769,57.604,5.394,-3.005,57.519
-3.220,-2.810,62.595,-4.294,-2.997,62.625
8.103,-2.634,56.855,7.079,-2.897,56.752
-1.316,-2.917,64.948,-2.441,-3.149,65.016
-1.026,-2.743,61.612,-2.100,-3.029,61.504
4.409,-2.542,56.341,3.277,-2.863,56.320
5.424,-2.710,60.472,4.405,-2.920,60.398
4.516,-2.533,59.158,3.493,-2.821,59.049
-2.458,-2.602,61.813,-3.537,-2.791,61.726
6.734,-2.332,56.594,5.662,-2.583,56.580
-3.413,-2.522,65.146,-4.498,-2.677,65.160
-3.342,-2.602,65.733,-4.465,-2.715,65.700
5.577,-2.430,58.732,4.581,-2.720,58.683
-1.431,-2.478,61.290,-2.569,-2.724,61.210
7.550,-2.376,60.868,6.507,-2.628,60.757
8.007,-2.246,56.954,6.972,-2.465,56.974
-1.812,-2.439,64.807,-2.872,-2.633,65.042
3.979,-2.253,58.280,2.953,-2.617,58.174
3.777,-2.376,63.115,2.699,-2.617,63.113
5.587,-2.363,62.280,4.507,-2.590,62.110
1.764,-2.436,65.843,0.677,-2.677,65.738
4.481,-2.246,61.215,3.395,-2.486,61.127
6.507,-2.217,59.913,5.467,-2.448,59.784
0.308,-2.235,63.107,-0.796,-2.481,63.033
1.169,-2.167,65.618,0.132,-2.345,65.793
2.074,-2.130,59.016,1.036,-2.440,58.956
5.149,-2.323,64.456,4.068,-2.620,64.273
4.929,-2.055,62.710,3.823,-2.328,62.526
2.830,-2.045,58.712,1.724,-2.387,58.667
-2.720,-2.123,66.139,-3.798,-2.222,66.091
-3.533,-2.163,63.578,-4.671,-2.334,63.558
-2.161,-2.283,66.482,-3.281,-2.404,66.573
5.687,-1.968,57.720,4.675,-2.254,57.666
-2.704,-2.077,62.599,-3.811,-2.282,62.650
-0.835,-2.162,67.271,-2.005,-2.257,67.365
7.158,-2.059,62.120,6.150,-2.244,62.083
7.738,-1.938,58.969,6.696,-2.118,58.878
-3.945,-1.994,64.351,-5.042,-2.216,64.314
-2.038,-2.016,67.404,-3.144,-2.114,67.401
1.619,-1.821,60.138,0.592,-2.186,60.229
2.215,-1.771,60.183,1.197,-2.143,60.037
5.722,-1.730,59.092,4.729,-1.967,58.999
0.601,-1.890,64.631,-0.460,-2.159,64.624
-1.384,-1.928,65.789,-2.416,-2.077,65.798
-0.565,-1.852,67.663,-1.722,-1.968,67.758
-4.172,-1.847,65.855,-5.310,-1.951,65.812
-3.923,-1.665,66.598,-5.015,-1.796,66.627
6.060,-1.650,58.354,5.089,-1.965,58.292
-1.399,-1.831,67.041,-2.524,-1.943,67.018
-2.730,-1.667,63.042,-3.813,-1.877,63.057
3.160,-1.699,61.228,2.172,-2.006,61.075
-2.500,-1.715,64.883,-3.629,-1.839,64.938
0.378,-1.638,59.881,-0.682,-2.010,59.855
-2.135,-1.800,68.189,-3.261,-1.894,68.214
5.872,-1.702,61.830,4.833,-1.976,61.623
-3.125,-1.683,67.243,-4.207,-1.837,67.262
1.084,-1.661,63.846,0.090,-1.892,63.833
5.429,-1.525,60.060,4.374,-1.728,60.022
7.507,-1.610,61.806,6.529,-1.773,61.720
-3.987,-1.638,65.549,-5.078,-1.816,65.479
4.391,-1.606,64.598,3.331,-1.797,64.545
4.900,-1.591,63.056,3.838,-1.833,62.965
-1.370,-1.560,66.202,-2.389,-1.751,66.128
5.648,-1.403,58.787,4.603,-1.637,58.677
1.591,-1.389,61.447,0.573,-1.692,61.375
-2.035,-1.421,61.812,-3.115,-1.719,61.736
3.787,-1.388,63.078,2.777,-1.614,62.994
0.721,-1.406,65.740,-0.337,-1.629,65.685
-2.301,-1.393,67.895,-3.432,-1.508,67.924
5.234,-1.278,61.030,4.255,-1.476,60.944
8.375,-1.124,58.318,7.330,-1.337,58.284
-4.046,-1.277,66.436,-5.159,-1.418,66.381
-2.692,-1.195,64.371,-3.800,-1.426,64.352
3.100,-1.164,62.796,2.141,-1.451,62.633
6.387,-1.175,61.375,5.380,-1.301,61.315
2.009,-1.165,64.541,0.928,-1.381,64.527
0.483,-1.070,60.042,-0.613,-1.416,59.903
-0.900,-1.206,66.200,-2.030,-1.337,66.213
8.714,-1.090,60.215,7.680,-1.262,60.212
1.650,-0.955,61.266,0.512,-1.225,61.186
0.158,-0.943,60.997,-0.825,-1.246,61.034
-3.945,-0.990,64.913,-5.027,-1.197,64.901
5.473,-0.874,59.299,4.440,-1.139,59.159
9.297,-0.904,61.223,8.248,-1.184,61.135
-2.419,-0.717,64.873,-3.488,-0.944,64.843
-2.708,-0.556,63.821,-3.768,-0.751,63.838
-2.745,-0.810,63.184,-3.828,-1.042,63.360
-1.717,-0.834,62.228,-2.690,-1.171,62.112
3.170,-0.858,61.874,2.150,-1.123,61.722
3.690,-0.847,64.484,2.578,-1.080,64.404
0.346,-0.899,68.598,-0.774,-1.060,68.642
-2.260,-0.842,68.772,-3.382,-0.987,68.834
3.979,-0.776,63.080,2.920,-1.017,62.972
8.572,-0.668,59.219,7.581,-0.888,59.085
-1.640,-0.733,61.423,-2.734,-1.043,61.368
4.580,-0.714,60.172,3.518,-1.005,60.125
-1.432,-0.668,65.446,-2.470,-0.785,65.565
0.094,-0.636,64.579,-0.963,-0.886,64.520
-4.011,-0.665,66.269,-5.099,-0.778,66.259
-0.336,-0.691,66.282,-1.416,-0.841,66.469
5.838,-0.601,63.441,4.721,-0.864,63.304
5.938,-0.525,59.001,4.940,-0.830,58.781
3.752,-0.576,63.816,2.699,-0.783,63.689
9.445,-0.535,59.068,8.433,-0.714,59.203
6.913,-0.470,62.361,5.873,-0.705,62.290
7.850,-0.484,60.264,6.799,-0.723,60.181
1.194,-0.479,64.509,0.172,-0.733,64.432
2.231,-0.537,66.443,1.168,-0.682,66.553
7.638,-0.439,61.662,6.602,-0.672,61.541
0.841,-0.364,62.044,-0.238,-0.546,61.989
3.145,-0.160,59.795,2.035,-0.444,59.768
5.614,-0.337,64.888,4.538,-0.583,64.941
7.467,-0.311,62.964,6.436,-0.483,62.838
8.761,-0.333,61.428,7.714,-0.549,61.275
7.463,-0.262,59.431,6.397,-0.553,59.282
-3.023,-0.322,68.329,-4.110,-0.392,68.420
-3.937,-0.158,65.831,-4.986,-0.291,65.864
0.087,-0.265,63.491,-0.952,-0.443,63.505
1.884,-0.155,62.927,0.841,-0.354,62.919
-3.661,-0.206,67.805,-4.771,-0.317,67.842
2.865,-0.140,67.236,1.771,-0.287,67.265
3.888,-0.169,60.781,2.839,-0.325,60.792
-1.623,-0.161,66.761,-2.727,-0.363,66.794
-2.214,0.007,65.671,-3.268,-0.182,65.750
-2.137,-0.138,63.476,-3.202,-0.385,63.415
3.785,-0.058,65.129,2.697,-0.206,65.182
8.672,-0.055,59.065,7.647,-0.281,58.954
-1.580,-0.119,68.764,-2.657,-0.257,68.846
3.470,-0.046,61.555,2.408,-0.312,61.387
6.995,-0.072,64.213,5.929,-0.344,64.114
8.401,-0.026,62.716,7.351,-0.188,62.497
5.535,0.022,59.431,4.481,-0.227,59.299
0.385,0.055,67.682,-0.733,-0.066,67.806
3.984,0.072,64.512,2.880,-0.151,64.426
6.075,0.114,64.352,4.996,-0.175,64.252
6.654,0.119,62.271,5.553,-0.077,62.135
0.953,0.224,65.341,-0.101,0.023,65.390
1.562,0.135,69.559,0.427,-0.008,69.633
3.146,0.160,60.278,2.076,-0.055,60.139
-3.725,0.173,67.219,-4.839,0.107,67.289
3.360,0.249,68.785,2.237,0.078,68.804
0.510,0.240,68.581,-0.622,0.031,68.659
-1.046,0.276,67.505,-2.137,0.135,67.604
6.350,0.320,60.252,5.319,0.076,60.155
-2.636,0.326,64.360,-3.747,0.080,64.364
-1.256,0.273,63.333,-2.279,0.020,63.374
5.105,0.356,63.394,4.048,0.163,63.299
-3.929,0.520,66.566,-4.985,0.398,66.624
1.207,0.367,67.104,0.141,0.180,67.025
4.218,0.484,66.816,3.233,0.345,66.746
1.923,0.382,61.315,0.875,0.082,61.147
-1.245,0.435,69.820,-2.336,0.283,69.882
1.250,0.551,62.187,0.127,0.359,62.131
3.262,0.556,66.248,2.217,0.454,66.152
-2.684,0.527,69.254,-3.772,0.392,69.258
-1.561,0.581,64.968,-2.661,0.462,65.084
9.142,0.638,62.179,8.131,0.464,62.043
6.459,0.608,62.630,5.360,0.441,62.553
-4.147,0.637,67.671,-5.226,0.586,67.731
4.162,0.725,67.911,3.091,0.571,67.879
0.262,0.606,63.313,-0.748,0.338,63.244
2.827,0.648,67.121,1.831,0.447,66.996
8.516,0.849,61.976,7.510,0.615,61.804
7.216,0.701,59.931,6.166,0.518,59.848
6.144,0.793,60.502,5.082,0.575,60.383
5.873,0.766,60.876,4.838,0.646,60.758
5.037,0.787,64.554,3.952,0.585,64.495
-0.353,0.830,67.082,-1.446,0.690,67.178
1.501,0.928,69.414,0.454,0.803,69.574
2.898,0.857,64.838,1.892,0.676,64.795
3.882,0.880,65.133,2.795,0.652,65.131
-3.070,0.883,68.583,-4.154,0.777,68.634
-2.777,0.990,69.451,-3.890,0.907,69.512
-3.391,1.096,67.371,-4.445,1.014,67.473
2.785,0.947,68.013,1.747,0.897,68.130
3.590,1.017,69.593,2.495,0.848,69.617
8.687,0.985,62.850,7.664,0.832,62.681
6.324,1.069,65.400,5.246,0.921,65.370
4.227,0.881,61.177,3.194,0.648,61.097
6.570,0.964,62.815,5.455,0.806,62.828
5.330,1.040,67.049,4.276,0.937,67.045
8.362,0.993,63.966,7.309,0.839,63.839
8.531,1.117,64.208,7.487,0.969,64.133
1.087,1.234,69.727,-0.026,1.116,69.906
0.623,1.125,68.460,-0.484,0.965,68.721
-0.998,1.116,65.167,-2.079,0.959,65.186
2.641,1.094,61.443,1.510,0.828,61.272
4.725,1.241,68.774,3.705,1.109,68.722
6.012,1.179,64.162,4.953,1.046,64.088
3.748,1.311,70.858,2.670,1.202,70.950
8.503,1.222,60.119,7.504,1.139,60.046
7.972,1.206,59.432,6.940,1.028,59.322
7.719,1.229,61.193,6.723,1.012,61.066
-3.144,1.322,66.624,-4.228,1.176,66.682
4.357,1.291,65.904,3.283,1.193,65.840
6.459,1.334,66.741,5.399,1.098,66.567
-1.861,1.404,69.545,-2.965,1.298,69.584
1.856,1.547,68.798,0.808,1.465,68.862
-0.222,1.333,63.777,-1.284,1.080,63.837
3.723,1.520,68.041,2.644,1.393,67.974
-2.588,1.638,70.176,-3.717,1.534,70.211
-2.768,1.637,69.269,-3.881,1.566,69.291
3.291,1.509,71.200,2.222,1.344,71.266
0.351,1.506,67.917,-0.693,1.385,67.987
3.122,1.691,69.237,2.024,1.621,69.449
2.554,1.529,68.320,1.454,1.363,68.234
4.860,1.453,64.637,3.845,1.223,64.510
7.686,1.498,64.922,6.575,1.301,64.754
-1.083,1.574,71.242,-2.197,1.423,71.313
-0.534,1.589,70.620,-1.682,1.446,70.705
-0.856,1.538,68.681,-1.930,1.411,68.710
-1.629,1.514,66.010,-2.730,1.347,65.975
6.009,1.609,69.071,4.933,1.461,69.011
7.448,1.811,63.045,6.491,1.651,62.954
6.480,1.544,61.276,5.345,1.419,61.160
8.237,1.965,64.735,7.218,1.746,64.579
9.353,1.579,62.823,8.272,1.429,62.701
8.073,1.644,63.626,7.092,1.472,63.598
4.685,1.622,62.270,3.613,1.469,62.288
8.037,1.796,67.710,6.952,1.607,67.693
6.979,1.966,65.364,5.931,1.841,65.301
5.592,1.770,67.890,4.516,1.664,67.784
7.674,1.679,61.864,6.639,1.532,61.729
9.473,1.794,64.476,8.370,1.589,64.289
6.246,1.807,66.807,5.180,1.648,66.717
8.701,1.708,61.264,7.593,1.574,61.177
1.953,1.815,66.997,0.881,1.619,66.995
1.368,1.830,65.186,0.264,1.646,65.135
7.006,1.823,64.713,5.951,1.633,64.581
8.778,1.929,64.856,7.713,1.796,64.733
5.531,1.855,65.865,4.427,1.711,65.767
5.039,2.021,66.462,3.991,1.843,66.326
4.673,2.075,65.317,3.617,1.884,65.228
-2.145,2.003,68.998,-3.249,1.938,69.042
0.511,2.317,70.513,-0.676,2.210,70.579
-1.206,1.930,65.315,-2.290,1.714,65.302
4.345,1.973,62.834,3.296,1.823,62.791
1.871,2.175,70.592,0.732,2.035,70.785
3.189,2.213,70.445,2.164,2.107,70.473
-1.632,2.145,69.824,-2.679,1.995,69.968
9.273,2.102,63.204,8.250,1.940,63.020
3.913,2.230,69.412,2.790,2.032,69.419
-1.979,2.116,66.677,-3.108,1.960,66.729
4.348,2.254,67.047,3.237,2.121,66.974
8.379,2.303,66.089,7.327,2.137,65.968
6.312,2.405,62.405,5.326,2.333,62.220
7.231,2.212,63.204,6.185,1.969,63.047
6.866,2.158,61.876,5.825,1.955,61.776
-2.352,2.416,70.057,-3.441,2.326,70.208
-0.467,2.462,71.334,-1.557,2.325,71.509
7.596,2.277,62.050,6.586,2.266,61.956
9.559,2.322,63.132,8.515,2.191,62.933
6.651,2.442,67.971,5.529,2.342,68.039
2.609,2.446,65.837,1.540,2.291,65.898
-2.429,2.411,67.872,-3.531,2.240,67.880
4.620,2.476,64.523,3.542,2.346,64.419
-1.021,2.642,71.202,-2.095,2.483,71.382
-0.984,2.657,66.787,-2.067,2.491,66.851
8.457,2.593,64.503,7.416,2.447,64.427
1.744,2.538,65.577,0.780,2.350,65.521
8.485,2.567,62.829,7.437,2.417,62.727
9.744,2.601,62.825,8.751,2.428,62.668
7.400,2.664,64.920,6.356,2.459,64.810
5.185,2.608,63.346,4.188,2.430,63.224
0.428,2.839,69.174,-0.685,2.770,69.313
6.618,2.698,63.836,5.549,2.476,63.683
7.067,2.853,66.472,5.981,2.731,66.512
-2.872,2.787,69.018,-3.984,2.608,69.050
-0.885,2.915,70.932,-1.966,2.721,70.859
8.523,2.928,66.804,7.455,2.752,66.754
4.630,2.949,69.782,3.522,2.850,69.862
2.085,2.885,66.220,1.038,2.754,66.189
5.092,2.888,65.558,4.037,2.756,65.500
4.429,2.966,66.430,3.422,2.817,66.259
7.950,3.044,67.509,6.897,2.714,67.456
9.062,2.910,63.549,8.026,2.719,63.440
-1.671,3.124,70.854,-2.799,3.058,71.010
9.185,2.913,62.328,8.129,2.750,62.195
3.643,3.141,69.308,2.560,2.986,69.375
8.957,3.046,64.299,7.860,2.852,64.205
5.149,3.235,69.295,4.115,3.124,69.233
0.382,3.292,71.226,-0.699,3.276,71.468
-2.313,3.166,69.933,-3.443,3.015,70.100
-1.324,3.263,68.311,-2.417,3.183,68.437
4.642,3.499,71.328,3.473,3.300,71.360
6.407,3.368,64.895,5.385,3.196,64.796
9.189,3.361,65.030,8.145,3.176,64.952
11.187,3.597,65.021,10.131,3.433,64.823
10.356,3.375,63.189,9.382,3.119,63.113
1.696,3.547,68.971,0.614,3.515,69.102
7.011,3.538,68.608,5.943,3.266,68.530
5.823,3.549,66.093,4.813,3.353,65.963
8.404,3.460,66.318,7.372,3.211,66.184
7.388,3.576,67.672,6.316,3.355,67.580
3.185,3.671,71.630,2.078,3.493,71.623
11.946,3.536,63.641,10.901,3.270,63.462
-1.452,3.541,69.253,-2.558,3.436,69.326
5.255,3.536,66.663,4.233,3.418,66.542
5.707,3.834,67.578,4.755,3.627,67.448
11.793,3.557,64.676,10.753,3.340,64.488
10.498,3.614,65.821,9.421,3.374,65.756
1.046,3.830,72.773,-0.068,3.808,72.968
8.026,3.529,63.679,7.011,3.390,63.490
10.149,3.602,64.451,9.050,3.481,64.220
-0.314,3.770,70.651,-1.449,3.655,70.898
2.993,3.822,69.572,1.985,3.670,69.585
8.558,3.556,63.289,7.548,3.366,63.119
4.373,3.818,69.072,3.285,3.698,69.111
6.404,3.886,67.962,5.356,3.632,67.957
-1.493,3.912,70.596,-2.595,3.734,70.817
9.824,3.790,64.962,8.777,3.607,64.866
9.442,3.930,64.383,8.411,3.750,64.207
3.335,3.805,66.011,2.291,3.693,66.033
8.196,3.932,67.225,7.116,3.689,67.122
8.406,3.911,66.571,7.360,3.689,66.442
6.922,3.843,63.855,5.885,3.675,63.657
10.022,3.778,62.917,8.927,3.561,62.680
0.443,3.898,67.782,-0.663,3.809,67.940
-0.525,4.046,71.515,-1.611,3.912,71.678
2.768,4.144,71.837,1.659,4.059,71.978
8.027,3.873,63.977,6.995,3.699,63.850
8.415,3.880,65.116,7.382,3.732,64.990
9.232,3.958,65.797,8.228,3.767,65.723
11.912,4.053,64.066,10.781,3.835,63.558
11.527,3.853,63.147,10.418,3.546,62.982
3.867,3.987,65.458,2.875,3.768,65.358
-1.093,4.260,69.715,-2.219,4.092,69.860
-0.385,4.205,69.299,-1.498,4.041,69.138
7.109,4.269,68.700,5.999,4.027,68.595
8.353,4.220,63.747,7.360,4.006,63.468
10.055,4.229,66.523,9.004,4.003,66.424
2.458,4.369,71.153,1.374,4.249,71.319
2.710,4.139,66.599,1.709,3.997,66.565
6.804,4.371,69.866,5.770,4.068,69.927
6.905,4.250,67.103,5.888,4.022,66.975
4.984,4.109,64.724,3.971,3.962,64.584
6.337,4.104,64.228,5.377,3.967,64.092
1.902,4.588,73.097,0.799,4.530,73.219
4.523,4.377,67.502,3.525,4.175,67.465
9.233,4.218,63.743,8.219,4.053,63.540
3.357,4.487,70.036,2.299,4.339,70.081
5.301,4.610,70.468,4.229,4.402,70.410
5.954,4.589,69.649,4.960,4.290,69.613
7.538,4.295,64.200,6.518,4.127,64.013
8.011,4.437,65.794,7.028,4.181,65.634
12.098,4.331,63.294,11.056,4.180,63.167
0.900,4.424,68.053,-0.184,4.288,68.160
10.981,4.495,63.051,9.962,4.224,62.913
2.703,4.476,67.907,1.681,4.317,67.930
10.896,4.369,63.463,9.910,4.083,63.381
0.175,4.703,71.597,-0.955,4.558,71.739
6.573,4.425,65.385,5.601,4.297,65.226
6.716,4.741,68.966,5.687,4.462,68.966
9.896,4.711,66.759,8.920,4.482,66.589
12.850,4.607,63.287,11.780,4.397,62.945
3.591,4.959,72.190,2.492,4.817,72.271
1.049,4.936,71.889,-0.056,4.810,72.106
2.256,4.870,70.849,1.194,4.816,70.904
1.216,4.758,68.657,0.161,4.655,68.787
5.279,4.678,67.048,4.251,4.474,66.971
6.507,4.795,67.441,5.392,4.498,67.402
8.113,4.799,66.676,7.095,4.562,66.524
10.715,4.742,63.413,9.702,4.507,63.289
0.644,5.218,72.607,-0.469,5.062,72.798
4.892,5.257,72.816,3.824,5.039,72.869
4.199,5.373,71.103,3.088,5.207,71.160
4.025,5.238,70.500,2.995,5.156,70.618
7.744,5.181,69.712,6.730,4.927,69.695
10.491,4.855,63.910,9.458,4.634,63.749
5.591,4.931,65.746,4.678,4.726,65.625
1.071,5.421,73.375,-0.075,5.318,73.522
12.623,5.174,66.606,11.569,4.858,66.254
7.394,4.986,65.367,6.352,4.850,65.280
11.126,5.325,67.476,10.065,5.089,67.269
10.716,5.217,66.491,9.733,4.953,66.283
10.467,5.323,66.179,9.491,5.111,65.999
11.674,4.944,62.808,10.617,4.662,62.580
8.507,5.383,69.351,7.356,5.122,69.234
3.492,5.495,72.573,2.372,5.330,72.736
2.615,5.610,71.726,1.537,5.586,71.750
1.615,5.379,69.854,0.543,5.221,69.862
2.391,5.271,68.841,1.387,5.120,68.882
4.590,5.626,69.606,3.525,5.454,69.552
4.203,5.353,68.805,3.154,5.165,68.885
0.871,5.478,72.038,-0.254,5.313,72.220
9.758,5.385,67.322,8.750,5.127,67.239
-0.621,5.413,71.105,-1.737,5.195,71.330
11.189,5.108,62.982,10.188,4.846,62.775
9.126,5.248,64.418,8.130,5.088,64.269
0.629,5.554,70.598,-0.506,5.434,70.728
9.769,5.505,66.529,8.749,5.259,66.359
10.252,5.303,64.226,9.237,5.030,64.013
3.661,5.675,70.472,2.627,5.592,70.524
12.160,5.527,66.277,11.149,5.308,66.102
11.401,5.585,65.269,10.378,5.293,65.053
6.595,5.593,67.901,5.528,5.332,67.815
7.242,5.834,69.516,6.196,5.560,69.404
9.403,5.460,64.753,8.405,5.253,64.591
11.819,5.448,62.662,10.732,5.099,62.360
6.004,6.011,71.600,4.881,5.761,71.623
10.848,5.972,68.900,9.761,5.680,68.906
9.106,5.868,68.396,8.029,5.553,68.377
10.549,5.549,63.451,9.516,5.225,63.213
5.395,5.843,69.213,4.351,5.603,69.174
0.745,6.109,71.990,-0.377,5.920,72.233
0.426,5.902,71.188,-0.719,5.742,71.363
11.486,5.816,66.327,10.485,5.594,66.089
3.865,6.218,73.331,2.732,6.082,73.502
8.521,5.922,68.158,7.518,5.589,68.128
5.066,6.301,74.116,3.983,6.172,74.209
1.560,6.154,70.546,0.486,6.052,70.646
2.928,6.731,73.861,1.807,6.639,73.986
2.032,6.167,72.205,0.924,6.077,72.360
0.986,6.017,69.943,-0.075,5.891,69.858
2.327,6.475,72.309,1.192,6.377,72.531
7.297,5.899,67.139,6.225,5.562,66.937
13.507,5.856,64.594,12.473,5.584,64.506
3.806,6.004,67.881,2.762,5.789,67.835
10.567,5.871,64.506,9.528,5.636,64.257
1.793,6.358,73.416,0.700,6.230,73.511
13.460,6.032,65.432,12.395,5.720,65.277
3.069,6.061,68.583,2.017,5.919,68.707
10.543,6.026,64.936,9.589,5.833,64.723
11.509,6.154,65.237,10.448,5.891,65.029
7.040,6.455,71.701,5.992,6.092,71.660
12.308,6.038,64.385,11.245,5.735,64.275
13.434,6.058,64.221,12.358,5.729,64.076
6.268,6.206,67.803,5.313,5.957,67.704
8.826,6.234,67.464,7.786,5.955,67.342
7.975,6.531,70.489,6.902,6.223,70.492
6.124,6.519,70.654,5.070,6.258,70.648
6.866,6.486,70.063,5.851,6.166,70.021
4.240,6.467,69.599,3.183,6.307,69.593
2.673,6.525,70.787,1.594,6.462,70.936
9.130,6.590,69.681,8.089,6.277,69.505
11.254,6.417,65.622,10.220,6.128,65.449
2.202,6.739,72.483,1.091,6.625,72.664
13.504,6.571,66.358,12.414,6.339,66.031
9.665,6.486,66.500,8.591,6.163,66.370
10.589,6.630,67.543,9.550,6.303,67.379
10.380,6.760,69.199,9.294,6.472,69.120
3.369,6.662,69.742,2.283,6.542,69.813
11.657,6.423,64.669,10.638,6.147,64.394
4.382,6.668,68.171,3.363,6.471,68.168
3.204,7.191,74.267,2.121,7.061,74.458
8.044,7.134,72.098,7.006,6.825,72.046
12.557,6.507,63.527,11.498,6.217,63.319
3.779,7.045,71.008,2.734,6.877,71.192
10.487,6.974,68.573,9.466,6.714,68.337
9.645,6.951,67.300,8.585,6.633,67.135
3.840,7.497,74.632,2.741,7.390,74.672
8.691,7.240,71.136,7.681,6.942,71.129
9.155,7.016,68.810,8.068,6.760,68.666
6.177,7.044,69.855,5.133,6.760,69.817
6.922,7.359,71.836,5.849,7.058,71.778
5.587,7.117,69.033,4.585,6.873,68.935
6.950,6.827,67.127,6.031,6.577,66.995
2.868,7.363,73.272,1.781,7.233,73.404
5.306,7.292,72.229,4.253,7.029,72.172
7.615,7.075,68.175,6.514,6.739,68.063
9.958,6.908,65.809,8.920,6.632,65.636
12.838,7.286,68.059,11.813,6.930,67.954
13.539,7.082,65.943,12.465,6.808,65.819
11.506,7.324,67.783,10.477,6.985,67.615
11.900,7.573,68.928,10.862,7.315,68.767
4.239,7.203,69.114,3.156,6.959,69.098
10.136,7.129,66.549,9.126,6.800,66.340
11.795,7.215,66.896,10.750,6.839,66.672
13.130,7.296,66.592,12.111,6.911,66.419
12.598,7.077,64.438,11.506,6.770,64.251
13.887,7.144,63.951,12.752,6.852,63.813
3.934,7.819,73.046,2.820,7.682,73.178
4.290,7.631,71.842,3.220,7.533,71.921
9.062,7.711,69.705,8.070,7.421,69.649
11.557,7.267,64.727,10.517,6.944,64.575
7.165,7.635,68.824,6.132,7.349,68.722
7.486,7.915,70.120,6.479,7.604,70.002
6.375,7.461,67.592,5.388,7.139,67.499
10.727,7.586,67.579,9.697,7.289,67.420
13.016,7.350,64.137,11.954,7.072,63.882
5.205,7.802,70.897,4.188,7.524,70.881
12.766,7.720,67.411,11.686,7.413,67.255
6.850,7.839,70.304,5.833,7.471,70.200
10.634,7.798,68.349,9.643,7.427,68.203
3.769,8.287,72.889,2.695,8.150,73.003
4.586,8.347,74.597,3.487,8.208,74.765
11.978,7.709,66.607,11.009,7.303,66.533
12.941,7.566,65.129,11.818,7.266,64.902
9.398,7.731,67.457,8.376,7.370,67.334
13.725,7.875,67.328,12.663,7.525,67.286
2.840,8.016,71.893,1.765,7.885,72.007
14.256,7.565,64.151,13.128,7.332,63.931
9.951,8.239,71.184,8.970,7.968,71.134
11.204,8.156,69.245,10.192,7.869,69.110
11.203,7.817,66.420,10.205,7.472,66.152
12.067,7.891,65.572,11.049,7.568,65.389
11.666,7.735,64.841,10.598,7.402,64.745
4.524,8.099,70.630,3.474,7.963,70.579
7.596,8.510,73.164,6.623,8.177,73.156
7.751,8.115,68.997,6.701,7.809,68.857
4.232,8.726,74.639,3.122,8.558,74.686
9.545,8.120,68.659,8.465,7.737,68.503
3.678,8.556,74.187,2.571,8.444,74.240
12.517,7.783,64.351,11.429,7.421,64.135
4.906,8.802,75.000,3.857,8.672,75.184
8.364,8.516,71.737,7.259,8.186,71.646
5.205,8.164,69.425,4.201,7.928,69.336
7.728,8.324,69.692,6.690,7.960,69.580
11.629,8.349,68.240,10.679,8.026,68.175
8.993,8.526,70.663,8.014,8.238,70.456
6.265,8.674,72.759,5.212,8.424,72.736
10.223,8.184,66.470,9.205,7.811,66.196
4.456,8.767,72.873,3.349,8.582,72.844
3.924,8.560,71.694,2.847,8.406,71.770
13.738,8.083,64.118,12.727,7.718,63.998
7.187,8.678,71.628,6.111,8.357,71.539
14.657,8.183,64.716,13.571,7.902,64.566
7.422,8.567,70.054,6.359,8.236,69.981
9.244,8.490,68.411,8.292,8.090,68.141
6.445,8.945,73.318,5.341,8.662,73.298
12.761,8.640,68.388,11.748,8.257,68.159
13.728,8.500,66.720,12.640,8.055,66.508
8.578,9.230,74.704,7.488,8.991,74.552
14.134,8.326,64.440,13.070,7.988,64.355
5.065,9.070,74.070,3.978,8.875,74.119
10.397,8.531,67.246,9.366,8.135,67.033
12.093,8.324,65.044,10.976,7.932,64.821
12.926,8.307,64.336,11.838,7.954,64.104
4.269,9.124,73.394,3.187,8.951,73.520
9.776,8.935,70.386,8.818,8.569,70.135
13.897,8.609,66.421,12.804,8.295,66.244
12.237,8.357,64.539,11.163,7.984,64.375
5.123,8.771,70.271,4.077,8.552,70.262
6.389,8.852,69.849,5.325,8.532,69.768
14.493,8.656,65.728,13.423,8.373,65.624
4.268,9.088,72.172,3.161,8.905,72.212
4.107,8.943,71.064,3.015,8.786,71.054
12.400,8.711,65.800,11.322,8.324,65.510
12.695,8.676,66.180,11.611,8.286,66.026
9.031,9.065,70.242,8.052,8.675,69.988
9.757,8.861,68.316,8.822,8.491,68.129
12.568,8.590,64.754,11.521,8.270,64.655
11.426,9.010,68.594,10.412,8.654,68.287
11.056,8.860,66.666,10.038,8.495,66.490
14.118,8.709,64.237,13.010,8.351,64.081
10.302,9.380,71.407,9.294,9.120,71.230
10.804,9.162,69.117,9.800,8.790,68.923
11.696,8.784,65.986,10.661,8.461,65.756
6.948,9.552,73.480,5.878,9.229,73.358
14.247,8.939,66.342,13.201,8.682,66.261
5.263,9.542,73.296,4.222,9.316,73.195
8.256,9.294,69.865,7.284,8.936,69.706
13.023,9.132,67.128,12.026,8.716,66.993
12.077,9.384,68.400,11.064,8.987,68.076
14.039,8.999,64.889,12.969,8.601,64.785
9.390,9.214,67.826,8.415,8.856,67.703
9.808,9.134,67.324,8.810,8.713,67.050
12.593,9.278,67.710,11.553,8.925,67.466
8.162,9.563,71.286,7.141,9.188,71.173
12.157,9.550,69.882,11.109,9.186,69.672
6.829,9.464,70.405,5.820,9.080,70.239
13.530,9.299,66.344,12.439,8.806,66.046
5.026,9.983,74.028,3.946,9.702,74.030
9.178,9.523,68.793,8.240,9.122,68.578
11.070,9.910,72.170,10.096,9.543,71.917
14.073,9.296,66.184,13.054,8.856,65.979
5.885,9.895,73.243,4.876,9.591,73.134
12.764,9.427,66.884,11.713,8.988,66.700
13.880,9.282,65.020,12.808,8.910,64.812
11.527,9.532,68.002,10.530,9.114,67.758
6.680,9.906,72.005,5.584,9.585,71.789
10.690,9.590,67.187,9.679,9.201,66.923
11.634,9.737,68.679,10.664,9.426,68.457
4.988,10.489,74.778,3.883,10.208,74.773
5.308,10.387,75.299,4.199,10.119,75.232
6.852,10.001,71.459,5.778,9.601,71.237
6.246,9.767,70.458,5.125,9.358,70.264
8.262,9.749,69.812,7.275,9.319,69.540
12.327,9.740,67.078,11.356,9.334,66.843
14.570,9.654,66.022,13.462,9.287,65.798
6.459,10.620,75.668,5.386,10.414,75.722
10.017,10.034,70.109,9.040,9.667,69.768
7.725,9.928,69.851,6.699,9.541,69.631
8.221,10.267,72.360,7.185,9.873,72.156
11.105,9.920,68.507,10.142,9.517,68.161
12.827,10.154,69.289,11.783,9.744,69.063
8.119,10.417,72.842,7.139,10.061,72.696
5.486,10.519,72.825,4.402,10.265,72.680
6.217,10.554,74.408,5.068,10.217,74.306
10.384,10.012,68.610,9.431,9.635,68.323
11.112,10.346,70.295,10.166,9.948,69.991
12.735,10.323,70.357,11.666,9.893,70.186
5.422,10.489,73.254,4.370,10.191,73.199
5.072,10.604,73.822,3.995,10.319,73.737
13.340,9.824,65.806,12.230,9.413,65.638
6.023,10.427,71.709,4.979,10.112,71.552
13.170,10.044,66.520,12.093,9.527,66.322
13.528,10.302,67.151,12.484,9.783,66.876
10.126,10.367,69.458,9.126,9.942,69.231
5.398,10.910,74.495,4.307,10.620,74.446
5.081,10.935,73.967,3.973,10.687,73.936
6.384,10.470,70.846,5.347,10.130,70.727
11.792,10.773,71.263,10.703,10.449,71.138
12.727,10.340,67.723,11.733,9.811,67.494
5.792,10.695,72.240,4.687,10.345,72.103
11.526,10.358,67.537,10.527,9.924,67.326
9.595,11.041,73.223,8.607,10.673,73.065
13.489,10.443,67.766,12.465,9.915,67.530
13.829,10.923,68.613,12.770,10.490,68.372
12.688,10.482,66.538,11.633,9.983,66.320
12.994,10.427,67.134,11.928,9.956,66.874
9.741,10.616,69.444,8.820,10.205,69.241
10.161,10.477,68.711,9.175,10.077,68.469
12.274,10.822,69.759,11.325,10.437,69.527
10.265,10.586,68.126,9.272,10.090,67.870
11.411,10.844,67.813,10.403,10.401,67.474
11.824,10.821,68.602,10.939,10.401,68.599
8.508,11.243,73.090,7.473,10.872,72.943
5.394,11.373,74.612,4.271,11.122,74.560
6.318,11.263,73.633,5.245,10.851,73.388
5.861,11.189,73.016,4.733,10.854,72.858
13.713,10.934,69.026,12.645,10.472,68.800
8.662,11.033,71.079,7.682,10.641,70.819
7.264,11.332,73.234,6.265,10.968,73.067
6.703,11.099,71.572,5.680,10.703,71.519
6.460,11.524,73.222,5.358,11.209,73.065
5.996,11.247,72.447,4.936,10.933,72.312
9.949,11.121,70.795,8.980,10.708,70.455
13.908,10.723,66.280,12.908,10.196,66.033
8.421,10.932,69.508,7.430,10.594,69.340
11.742,11.586,72.713,10.630,11.203,72.573
9.038,11.860,74.747,7.935,11.550,74.697
12.660,10.931,67.580,11.671,10.463,67.324
14.217,11.127,68.033,13.168,10.669,67.848
12.456,11.384,70.271,11.410,10.932,70.036
8.748,11.051,68.473,7.819,10.705,68.243
10.061,11.709,72.441,9.041,11.344,72.249
10.550,11.450,70.740,9.523,11.052,70.452
12.748,11.187,68.304,11.737,10.754,68.054
14.084,11.149,67.019,13.023,10.647,66.727
11.313,11.194,68.096,10.338,10.757,67.799
6.539,12.054,74.989,5.434,11.693,74.799
13.482,11.242,67.376,12.434,10.735,67.091
12.411,11.704,70.607,11.416,11.299,70.297
10.178,11.963,72.556,9.154,11.572,72.367
8.361,11.563,70.725,7.359,11.160,70.457
12.996,11.564,68.978,11.971,11.159,68.714
12.286,11.692,69.545,11.266,11.265,69.239
8.406,12.333,74.855,7.326,11.903,74.677
13.502,11.638,68.667,12.455,11.129,68.411
7.106,12.180,73.826,6.027,11.783,73.588
6.012,12.095,73.267,4.910,11.789,73.147
10.768,12.036,71.447,9.768,11.645,71.232
4.620,12.195,74.532,3.444,11.828,74.315
7.474,12.050,72.286,6.475,11.685,72.057
13.912,11.745,68.036,12.843,11.208,67.779
9.294,12.248,72.656,8.288,11.815,72.398
13.979,11.560,66.795,12.906,11.011,66.510
9.560,11.943,70.410,8.566,11.537,70.148
13.177,11.671,67.312,12.155,11.147,67.035
7.997,12.315,72.805,6.954,11.862,72.600
10.515,12.129,70.786,9.509,11.643,70.495
6.087,12.594,74.674,5.025,12.236,74.508
9.993,12.474,72.353,8.958,12.073,72.019
8.793,12.011,69.624,7.761,11.643,69.419
10.133,12.543,71.937,9.120,12.156,71.608
14.725,11.911,67.626,13.636,11.428,67.386
11.803,12.139,69.821,10.787,11.706,69.427
13.924,11.799,67.271,12.895,11.319,67.017
10.700,12.207,70.336,9.709,11.775,70.101
6.045,12.882,75.660,4.948,12.531,75.548
12.002,12.065,69.003,11.043,11.631,68.762
12.755,12.050,68.439,11.709,11.631,68.065
13.703,12.160,68.724,12.674,11.622,68.375
6.691,12.762,73.941,5.626,12.385,73.737
7.913,13.171,75.055,6.850,12.673,74.815
7.592,12.766,73.454,6.562,12.369,73.161
7.108,13.344,76.299,5.905,12.884,75.938
6.157,13.119,74.355,5.096,12.701,74.179
9.525,13.089,74.409,8.501,12.667,74.158
10.857,12.508,70.496,9.817,12.094,70.183
13.387,12.213,67.748,12.360,11.672,67.529
12.306,12.520,69.543,11.278,12.023,69.254
13.459,12.451,67.574,12.480,11.912,67.307
13.809,12.307,67.897,12.769,11.777,67.664
11.402,12.860,72.088,10.443,12.401,71.743
10.150,13.133,73.910,9.111,12.650,73.608
9.857,13.193,73.493,8.829,12.763,73.248
11.232,12.870,70.175,10.262,12.331,69.958
11.598,12.776,71.139,10.562,12.367,70.910
10.695,12.621,69.473,9.692,12.157,69.175
14.964,12.303,67.392,14.007,11.692,67.064
7.342,13.065,73.463,6.319,12.718,73.255
8.493,13.461,75.769,7.439,12.978,75.456
6.870,12.793,71.349,5.817,12.375,71.092
8.003,13.077,73.346,6.951,12.650,73.032
13.970,12.341,67.358,12.942,11.827,67.026
13.448,12.572,68.679,12.400,12.010,68.374
9.815,12.945,71.893,8.806,12.545,71.646
9.354,12.642,69.979,8.360,12.250,69.690
12.798,13.057,70.952,11.774,12.573,70.646
6.385,13.199,73.494,5.297,12.861,73.282
8.092,13.452,74.657,7.080,12.974,74.373
8.826,12.971,71.345,7.792,12.501,71.057
6.129,13.594,75.859,5.045,13.228,75.702
9.278,13.426,73.929,8.236,12.969,73.632
7.979,13.061,71.287,6.981,12.688,70.978
6.369,13.890,76.942,5.277,13.534,76.764
11.703,13.365,72.130,10.706,12.907,71.831
12.112,12.795,68.830,11.133,12.318,68.430
12.136,13.054,69.598,11.167,12.548,69.237
12.851,13.227,70.509,11.955,12.838,70.189
13.101,12.760,68.254,12.134,12.293,67.870
6.060,13.623,74.815,4.982,13.172,74.621
8.127,13.450,72.797,7.080,13.046,72.564
10.983,13.186,70.251,9.972,12.744,69.870
6.807,13.985,75.918,5.785,13.658,75.700
9.408,13.623,72.909,8.424,13.205,72.541
6.939,14.041,75.413,5.887,13.670,75.176
7.695,14.345,76.748,6.612,13.944,76.505
6.262,14.307,76.014,5.180,13.941,75.745
6.643,14.227,76.532,5.550,13.821,76.366
12.091,13.189,69.194,11.104,12.675,68.794
10.824,13.731,72.614,9.779,13.276,72.310
10.226,13.438,70.757,9.180,13.036,70.389
9.011,13.396,70.677,8.075,12.989,70.360
13.574,13.099,67.701,12.531,12.549,67.403
7.641,14.034,74.380,6.604,13.553,74.037
7.129,13.966,73.450,6.121,13.570,73.144
12.031,13.450,69.539,10.984,12.928,69.210
13.522,13.353,68.521,12.490,12.753,68.177
10.238,13.952,72.379,9.180,13.447,72.074
11.043,13.712,70.815,10.035,13.234,70.503
7.973,14.116,74.016,6.950,13.652,73.704
7.591,13.892,72.687,6.573,13.482,72.395
12.891,13.561,69.314,11.876,13.017,68.951
7.978,13.790,71.800,6.966,13.467,71.467
11.161,14.756,75.558,10.132,14.232,75.159
9.393,13.897,71.904,8.413,13.448,71.582
6.584,14.418,75.510,5.529,14.026,75.213
6.341,14.640,76.645,5.267,14.220,76.423
10.256,14.519,74.681,9.238,14.112,74.396
8.769,13.826,71.377,7.760,13.437,71.102
7.855,14.972,77.679,6.795,14.588,77.407
6.737,14.363,74.570,5.650,13.975,74.298
11.024,13.797,70.353,10.020,13.278,70.044
11.552,13.663,69.445,10.570,13.118,69.078
12.779,14.286,71.834,11.748,13.807,71.409
6.832,14.316,73.791,5.784,13.933,73.480
7.123,14.869,75.100,6.065,14.524,74.772
7.801,14.955,76.449,6.711,14.533,76.207
9.461,14.776,75.579,8.400,14.371,75.294
8.223,13.971,71.540,7.237,13.574,71.222
8.069,14.836,75.658,6.971,14.364,75.275
9.573,14.025,70.909,8.581,13.612,70.617
10.618,14.504,73.264,9.549,14.005,72.716
12.225,14.425,72.513,11.233,14.013,72.165
10.687,13.946,70.245,9.703,13.463,69.882
13.142,13.931,68.757,12.111,13.442,68.331
13.756,14.140,70.053,12.665,13.667,69.652
14.303,14.000,68.826,13.225,13.372,68.517
6.586,15.052,76.552,5.523,14.665,76.274
6.793,15.354,77.257,5.718,15.002,76.971
12.010,14.531,71.943,11.008,14.084,71.540
12.652,14.206,69.862,11.587,13.744,69.491
13.789,14.032,68.625,12.719,13.471,68.302
9.398,15.012,74.906,8.351,14.573,74.606
9.849,14.253,70.834,8.874,13.880,70.477
10.733,14.375,70.963,9.699,13.933,70.582
7.666,14.916,74.160,6.606,14.569,73.877
9.383,15.000,74.368,8.360,14.601,73.999
8.947,15.668,77.790,7.802,15.262,77.717
7.665,14.573,72.248,6.641,14.262,71.954
10.138,14.658,71.849,9.137,14.290,71.500
8.822,14.645,71.973,7.851,14.289,71.539
6.380,15.300,76.126,5.312,14.922,75.884
13.230,14.505,68.687,12.236,13.841,68.336
13.844,14.610,70.053,12.649,14.054,69.719
13.316,14.402,68.983,12.272,13.821,68.666
7.250,15.556,76.939,6.188,15.185,76.660
6.800,15.284,75.376,5.754,14.944,75.070
7.801,14.929,73.021,6.754,14.581,72.752
9.666,15.504,75.798,8.586,15.035,75.444
7.429,15.522,76.178,6.404,15.109,75.912
9.476,15.546,74.787,8.395,15.149,74.426
6.613,15.735,76.401,5.566,15.374,76.035
6.662,15.932,76.570,5.588,15.609,76.261
9.825,14.804,70.844,8.802,14.397,70.481
12.766,14.775,69.889,11.685,14.189,69.529
9.258,15.039,71.722,8.208,14.653,71.368
6.853,15.721,75.725,5.801,15.296,75.352
7.944,15.306,73.283,6.846,14.967,72.951
7.697,15.586,74.539,6.593,15.172,74.098
12.181,14.977,70.112,11.196,14.449,69.736
11.778,15.356,72.083,10.708,14.862,71.705
13.877,15.014,69.643,12.854,14.411,69.324
8.037,15.326,72.509,6.992,14.990,72.206
9.311,15.502,73.086,8.229,15.099,72.624
7.760,16.291,77.246,6.737,15.847,77.045
6.570,16.254,77.048,5.465,15.851,76.724
8.140,15.771,74.203,7.032,15.456,73.879
12.344,15.390,70.547,11.284,14.853,70.167
7.387,16.087,75.558,6.231,15.695,75.045
7.952,16.085,74.931,6.868,15.691,74.472
6.713,16.371,76.806,5.606,15.961,76.448
10.366,15.568,71.746,9.331,15.155,71.308
11.559,15.384,70.482,10.522,14.907,70.067
6.720,16.200,75.835,5.671,15.819,75.497
12.897,15.305,69.528,11.881,14.678,69.103
9.444,15.591,71.748,8.398,15.214,71.303
14.400,15.291,68.759,13.328,14.681,68.458
8.078,16.122,74.069,6.974,15.710,73.735
9.376,15.941,72.643,8.328,15.556,72.157
6.702,16.553,76.495,5.643,16.115,76.173
6.794,16.905,77.078,5.675,16.483,76.727
7.721,16.473,75.497,6.656,16.033,75.109
8.009,16.646,76.635,6.934,16.192,76.216
9.205,16.640,75.966,8.189,16.287,75.555
9.238,16.170,73.173,8.153,15.826,72.788
11.131,15.806,70.993,10.109,15.356,70.500
13.775,15.784,70.144,12.697,15.222,69.760
10.793,16.456,73.909,9.699,16.044,73.577
7.856,16.940,76.782,6.753,16.514,76.365
13.298,15.822,69.548,12.265,15.236,69.172
8.858,16.692,74.775,7.775,16.319,74.346
11.600,15.883,70.113,10.571,15.389,69.744
9.936,16.652,74.071,8.832,16.204,73.715
10.468,16.137,71.436,9.470,15.683,71.026
9.326,16.686,74.078,8.275,16.204,73.585
12.978,15.890,69.032,11.894,15.200,68.618
12.325,15.996,69.724,11.260,15.493,69.293
7.843,17.503,77.858,6.741,17.073,77.543
9.183,17.502,76.871,8.115,17.063,76.426
8.322,17.008,75.145,7.246,16.530,74.635
9.376,17.185,75.663,8.301,16.693,75.288
11.576,16.342,70.866,10.524,15.936,70.378
7.396,17.223,76.101,6.321,16.813,75.702
9.738,16.530,72.155,8.703,16.122,71.777
10.991,16.499,71.458,9.986,16.021,71.117
10.768,16.649,72.184,9.727,16.206,71.742
8.917,17.094,74.142,7.811,16.700,73.761
11.840,16.723,71.567,10.772,16.235,71.175
12.495,16.437,70.225,11.387,15.899,69.771
9.309,17.490,76.107,8.263,17.090,75.720
9.341,17.042,73.660,8.279,16.537,73.329
11.718,17.007,73.041,10.606,16.527,72.536
7.590,17.670,77.096,6.480,17.262,76.720
7.700,17.940,77.235,6.567,17.546,76.787
11.128,17.294,74.379,10.103,16.857,73.924
11.760,16.551,70.169,10.706,16.036,69.787
11.727,17.392,74.097,10.665,16.942,73.570
8.294,17.485,75.182,7.171,17.116,74.737
8.153,17.634,75.651,7.070,17.200,75.260
11.399,16.866,71.058,10.332,16.384,70.621
11.821,16.803,70.638,10.791,16.346,70.247
12.952,16.913,70.751,11.880,16.362,70.272
9.753,17.585,74.672,8.684,17.174,74.239
10.027,17.284,73.241,8.994,16.823,72.687
13.360,16.841,69.944,12.327,16.305,69.574
9.476,17.289,72.834,8.406,16.910,72.497
11.036,17.469,73.095,10.020,17.056,72.639
8.149,18.446,77.884,7.018,18.016,77.525
10.811,17.398,72.255,9.750,16.973,71.742
8.815,17.794,74.608,7.751,17.327,74.097
13.736,17.002,69.674,12.609,16.407,69.271
8.613,18.474,77.107,7.508,18.034,76.673
10.107,17.920,74.332,9.107,17.407,73.856
9.771,18.229,75.799,8.732,17.774,75.255
13.596,17.818,72.392,12.601,17.228,71.879
12.579,17.204,70.008,11.501,16.656,69.548
9.867,18.092,74.676,8.790,17.647,74.205
10.431,18.398,75.555,9.330,17.925,75.000
12.548,17.553,71.357,11.470,17.049,70.934
8.432,18.717,77.528,7.289,18.180,77.093
12.918,17.281,69.879,11.871,16.669,69.412
8.252,18.777,77.798,7.119,18.409,77.355
8.704,18.571,76.212,7.566,18.101,75.749
8.965,18.745,77.157,7.885,18.317,76.835
10.833,17.962,72.989,9.735,17.497,72.498
12.476,17.596,70.914,11.475,17.104,70.457
11.092,17.903,72.371,10.060,17.379,71.881
10.037,18.096,73.445,9.044,17.614,72.976
8.277,18.899,77.002,7.182,18.437,76.625
8.468,19.120,77.572,7.349,18.633,77.198
9.893,18.418,74.290,8.806,17.971,73.797
10.735,18.529,74.420,9.731,18.064,73.932
9.302,18.917,76.110,8.094,18.396,75.406
9.809,19.147,76.969,8.693,18.618,76.498
11.776,18.068,71.724,10.757,17.504,71.235
10.267,18.473,73.552,9.275,18.052,73.083
9.987,18.997,75.791,8.939,18.460,75.384
11.868,18.410,72.323,10.849,17.876,71.815
10.021,18.867,74.507,8.829,18.252,73.850
12.189,18.345,71.593,11.118,17.742,71.039
11.942,18.917,73.981,10.993,18.484,73.861
13.232,18.552,72.073,12.305,17.913,71.547
10.618,18.665,73.063,9.675,18.177,72.829
9.361,19.268,75.945,8.293,18.721,75.480
14.030,18.355,70.535,12.959,17.744,70.069
12.611,18.429,71.220,11.554,17.825,70.822
10.686,19.877,77.691,9.586,19.405,77.089
9.797,19.045,74.275,8.722,18.421,73.849
11.871,18.691,71.661,10.813,18.137,71.163
11.012,18.748,72.172,10.010,18.208,71.604
10.560,19.462,75.118,9.465,18.971,74.632
12.642,18.902,72.176,11.569,18.274,71.676
13.382,18.602,70.543,12.304,17.914,69.976
10.064,19.774,76.199,8.895,19.266,75.585
10.571,19.179,72.883,9.544,18.697,72.345
12.133,18.865,71.196,11.097,18.306,70.649
9.403,19.764,75.418,8.336,19.197,74.974
12.549,18.898,70.845,11.519,18.291,70.330
10.191,19.673,74.588,9.143,19.006,74.049
11.306,19.645,74.029,10.319,19.048,73.457
11.953,19.408,72.624,10.965,18.807,72.073
11.205,20.007,74.802,10.259,19.432,74.335
11.023,19.421,72.192,10.055,18.788,71.625
10.674,19.889,73.957,9.684,19.315,73.526
12.730,20.112,73.932,11.632,19.480,73.343
12.470,19.837,73.190,11.510,19.188,72.650
9.532,20.418,76.166,8.386,19.841,75.685
10.424,20.049,74.304,9.404,19.402,73.705
13.207,19.496,71.101,12.125,18.857,70.482
11.438,19.968,73.508,10.463,19.339,72.993
13.868,19.540,71.242,12.784,18.877,70.548
12.021,19.592,71.615,11.032,18.969,71.022
10.704,20.067,73.641,9.742,19.445,73.112
12.758,19.983,72.637,11.753,19.331,72.103
10.096,20.537,75.325,9.079,20.026,74.754
13.267,19.842,71.716,12.233,19.238,71.155
11.597,20.006,72.639,10.589,19.381,72.057
10.929,20.020,72.903,9.956,19.452,72.354
12.222,20.086,72.561,11.281,19.456,71.970
12.626,19.845,71.570,11.691,19.181,71.001
10.620,20.182,73.298,9.623,19.552,72.821
12.153,20.179,71.944,11.206,19.533,71.289
10.433,20.904,74.979,9.404,20.282,74.439
11.924,20.410,72.542,10.920,19.747,71.851
11.126,20.890,74.473,10.135,20.273,73.952
11.118,20.564,72.872,10.114,19.859,72.234
11.884,20.798,73.581,10.903,20.253,73.044
11.107,21.282,74.989,10.134,20.677,74.502
